%time,field.header.seq,field.header.stamp,field.header.frame_id,field.lat,field.lon,field.alt,field.utm_east,field.utm_north,field.zone_num,field.zone_letter
1580409268313756830,1,1580409268308444976,,42.337255,-70.4235816667,11.5,382725.79585,4688203.68999,19,T
1580409269278295206,2,1580409269274504899,,42.337255,-70.4235816667,11.5,382725.79585,4688203.68999,19,T
1580409270280585554,3,1580409270278172016,,42.337255,-70.4235816667,11.5,382725.79585,4688203.68999,19,T
1580409271288668651,4,1580409271286246061,,42.337255,-70.4235816667,11.5,382725.79585,4688203.68999,19,T
1580409272274195306,5,1580409272273705005,,42.337255,-70.4235816667,11.5,382725.79585,4688203.68999,19,T
1580409273272453527,6,1580409273270060062,,42.337255,-70.4235816667,11.5,382725.79585,4688203.68999,19,T
1580409274272260727,7,1580409274269829034,,42.337255,-70.4235816667,11.5,382725.79585,4688203.68999,19,T
1580409275283752533,8,1580409275279434919,,42.337255,-70.42358,11.5,382725.933152,4688203.68769,19,T
1580409276282421663,9,1580409276280004978,,42.337255,-70.42358,11.5,382725.933152,4688203.68769,19,T
1580409277287235874,10,1580409277284813880,,42.337255,-70.42358,11.5,382725.933152,4688203.68769,19,T
1580409278298323190,11,1580409278295988082,,42.337255,-70.42358,11.5,382725.933152,4688203.68769,19,T
1580409279282467078,12,1580409279280097961,,42.337255,-70.42358,11.5,382725.933152,4688203.68769,19,T
1580409280280177969,13,1580409280279674053,,42.337255,-70.42358,11.5,382725.933152,4688203.68769,19,T
1580409281283110352,14,1580409281280689001,,42.337255,-70.42358,11.4,382725.933152,4688203.68769,19,T
1580409282308242857,15,1580409282305799007,,42.3372533333,-70.42358,11.4,382725.930055,4688203.50263,19,T
1580409283318772098,16,1580409283316359043,,42.3372533333,-70.42358,11.4,382725.930055,4688203.50263,19,T
1580409284276088624,17,1580409284273706912,,42.3372533333,-70.42358,11.4,382725.930055,4688203.50263,19,T
1580409285283501696,18,1580409285281079053,,42.3372533333,-70.42358,11.4,382725.930055,4688203.50263,19,T
1580409286283279562,19,1580409286280841112,,42.3372533333,-70.42358,11.4,382725.930055,4688203.50263,19,T
1580409287307697551,20,1580409287303011894,,42.3372533333,-70.42358,11.4,382725.930055,4688203.50263,19,T
1580409288320954526,21,1580409288316704988,,42.3372533333,-70.42358,11.4,382725.930055,4688203.50263,19,T
1580409289324716085,22,1580409289322377920,,42.3372533333,-70.42358,11.4,382725.930055,4688203.50263,19,T
1580409290311360855,23,1580409290306966066,,42.3372533333,-70.42358,11.5,382725.930055,4688203.50263,19,T
1580409291308624005,24,1580409291306258916,,42.3372533333,-70.42358,11.5,382725.930055,4688203.50263,19,T
1580409292282853974,25,1580409292280502080,,42.3372533333,-70.42358,11.5,382725.930055,4688203.50263,19,T
1580409293310476294,26,1580409293308082103,,42.3372533333,-70.4235816667,11.6,382725.792752,4688203.50493,19,T
1580409294305052804,27,1580409294300657987,,42.337255,-70.4235816667,11.6,382725.79585,4688203.68999,19,T
1580409295309996745,28,1580409295307594060,,42.337255,-70.4235816667,11.7,382725.79585,4688203.68999,19,T
1580409296304239486,29,1580409296299668073,,42.337255,-70.4235816667,11.7,382725.79585,4688203.68999,19,T
1580409297310000741,30,1580409297307459115,,42.337255,-70.4235816667,11.7,382725.79585,4688203.68999,19,T
1580409298321535192,31,1580409298319112062,,42.337255,-70.4235816667,11.8,382725.79585,4688203.68999,19,T
1580409299309360089,32,1580409299306437015,,42.337255,-70.4235816667,11.8,382725.79585,4688203.68999,19,T
1580409300302988286,33,1580409300300451993,,42.337255,-70.4235833333,11.9,382725.658548,4688203.69229,19,T
1580409301320514281,34,1580409301316574096,,42.337255,-70.4235833333,11.9,382725.658548,4688203.69229,19,T
1580409302304041550,35,1580409302301439046,,42.337255,-70.4235833333,12.0,382725.658548,4688203.69229,19,T
1580409303286616504,36,1580409303284189939,,42.337255,-70.4235833333,12.0,382725.658548,4688203.69229,19,T
1580409304286606681,37,1580409304284240007,,42.3372566667,-70.4235833333,12.1,382725.661645,4688203.87736,19,T
1580409305287687379,38,1580409305285325050,,42.3372566667,-70.4235833333,12.1,382725.661645,4688203.87736,19,T
1580409306279920867,39,1580409306277532100,,42.3372566667,-70.423585,12.2,382725.524343,4688203.87965,19,T
1580409307309727173,40,1580409307307303905,,42.3372566667,-70.423585,12.2,382725.524343,4688203.87965,19,T
1580409308321762134,41,1580409308317872047,,42.3372566667,-70.423585,12.3,382725.524343,4688203.87965,19,T
1580409309288637840,42,1580409309284290075,,42.3372566667,-70.423585,12.3,382725.524343,4688203.87965,19,T
1580409310310441932,43,1580409310308072090,,42.3372566667,-70.423585,12.4,382725.524343,4688203.87965,19,T
1580409311288530440,44,1580409311284019947,,42.3372566667,-70.4235866667,12.4,382725.387041,4688203.88195,19,T
1580409312288101688,45,1580409312283749103,,42.3372566667,-70.4235866667,12.5,382725.387041,4688203.88195,19,T
1580409313298682269,46,1580409313296277999,,42.3372566667,-70.4235866667,12.6,382725.387041,4688203.88195,19,T
1580409314281074171,47,1580409314276663064,,42.3372583333,-70.4235866667,12.6,382725.390138,4688204.06702,19,T
1580409315288219448,48,1580409315283668994,,42.3372583333,-70.4235866667,12.7,382725.390138,4688204.06702,19,T
1580409316286236347,49,1580409316283797025,,42.3372583333,-70.4235866667,12.7,382725.390138,4688204.06702,19,T
1580409317287273190,50,1580409317284882068,,42.3372583333,-70.4235883333,12.8,382725.252836,4688204.06931,19,T
1580409318297963739,51,1580409318295614004,,42.3372583333,-70.4235883333,12.8,382725.252836,4688204.06931,19,T
1580409319288237124,52,1580409319285878896,,42.3372583333,-70.4235883333,12.9,382725.252836,4688204.06931,19,T
1580409320279571268,53,1580409320275690078,,42.3372583333,-70.4235883333,12.9,382725.252836,4688204.06931,19,T
1580409321289099909,54,1580409321286319017,,42.3372583333,-70.4235883333,12.9,382725.252836,4688204.06931,19,T
1580409322281560212,55,1580409322277318000,,42.3372583333,-70.4235883333,13.0,382725.252836,4688204.06931,19,T
1580409323279022478,56,1580409323276736021,,42.3372583333,-70.4235883333,13.0,382725.252836,4688204.06931,19,T
1580409324289333860,57,1580409324285084962,,42.3372583333,-70.42359,13.0,382725.115534,4688204.07161,19,T
1580409325288809811,58,1580409325286503076,,42.3372583333,-70.42359,13.1,382725.115534,4688204.07161,19,T
1580409326279290915,59,1580409326276968002,,42.3372583333,-70.42359,13.1,382725.115534,4688204.07161,19,T
1580409327286134268,60,1580409327283792972,,42.3372583333,-70.42359,13.2,382725.115534,4688204.07161,19,T
1580409328296404967,61,1580409328294045925,,42.3372583333,-70.42359,13.2,382725.115534,4688204.07161,19,T
1580409329287127396,62,1580409329284807920,,42.3372583333,-70.42359,13.3,382725.115534,4688204.07161,19,T
1580409330287747776,63,1580409330285201072,,42.3372583333,-70.42359,13.3,382725.115534,4688204.07161,19,T
1580409331281073482,64,1580409331276770114,,42.3372583333,-70.42359,13.2,382725.115534,4688204.07161,19,T
1580409332303495800,65,1580409332301203966,,42.3372516667,-70.4235866667,12.5,382725.377749,4688203.32676,19,T
1580409333314130054,66,1580409333311830997,,42.3372516667,-70.4235866667,12.5,382725.377749,4688203.32676,19,T
1580409334290498244,67,1580409334286264896,,42.3372516667,-70.4235866667,12.5,382725.377749,4688203.32676,19,T
1580409335289691983,68,1580409335285445928,,42.3372516667,-70.4235866667,12.5,382725.377749,4688203.32676,19,T
1580409336287828136,69,1580409336285518884,,42.3372516667,-70.4235866667,12.5,382725.377749,4688203.32676,19,T
1580409337313000789,70,1580409337310648918,,42.3372516667,-70.4235866667,12.6,382725.377749,4688203.32676,19,T
1580409338323592988,71,1580409338321290016,,42.3372516667,-70.4235866667,12.6,382725.377749,4688203.32676,19,T
1580409339310717370,72,1580409339307889938,,42.3372516667,-70.4235866667,12.6,382725.377749,4688203.32676,19,T
1580409340311932435,73,1580409340307630062,,42.3372516667,-70.4235866667,12.6,382725.377749,4688203.32676,19,T
1580409341310522125,74,1580409341308218002,,42.3372516667,-70.4235866667,12.6,382725.377749,4688203.32676,19,T
1580409342303735029,75,1580409342301397085,,42.3372516667,-70.4235866667,12.6,382725.377749,4688203.32676,19,T
1580409343314022044,76,1580409343311760902,,42.3372516667,-70.4235866667,12.6,382725.377749,4688203.32676,19,T
1580409344309141135,77,1580409344304855108,,42.3372516667,-70.4235866667,12.6,382725.377749,4688203.32676,19,T
1580409345308231494,78,1580409345305912971,,42.3372516667,-70.4235866667,12.7,382725.377749,4688203.32676,19,T
1580409346308604827,79,1580409346306303024,,42.3372516667,-70.4235866667,12.7,382725.377749,4688203.32676,19,T
1580409347309272651,80,1580409347304979085,,42.33725,-70.4235866667,12.7,382725.374651,4688203.14169,19,T
1580409348320180571,81,1580409348317800045,,42.33725,-70.4235866667,12.7,382725.374651,4688203.14169,19,T
1580409349301754988,82,1580409349299360990,,42.33725,-70.4235866667,12.7,382725.374651,4688203.14169,19,T
1580409350309112375,83,1580409350306755065,,42.33725,-70.4235866667,12.7,382725.374651,4688203.14169,19,T
1580409351307634921,84,1580409351305274009,,42.33725,-70.4235866667,12.7,382725.374651,4688203.14169,19,T
1580409352308926576,85,1580409352304675102,,42.33725,-70.4235866667,12.7,382725.374651,4688203.14169,19,T
1580409353319733834,86,1580409353317408084,,42.33725,-70.4235866667,12.7,382725.374651,4688203.14169,19,T
1580409354286746036,87,1580409354284409999,,42.33725,-70.4235866667,12.7,382725.374651,4688203.14169,19,T
1580409355286413974,88,1580409355284065961,,42.33725,-70.4235866667,12.7,382725.374651,4688203.14169,19,T
1580409356279157252,89,1580409356274884939,,42.33725,-70.4235866667,12.7,382725.374651,4688203.14169,19,T
1580409357286619626,90,1580409357284089088,,42.33725,-70.4235866667,12.7,382725.374651,4688203.14169,19,T
1580409358299909083,91,1580409358297527074,,42.33725,-70.4235866667,12.7,382725.374651,4688203.14169,19,T
1580409359309887373,92,1580409359305140018,,42.33725,-70.4235866667,12.7,382725.374651,4688203.14169,19,T
1580409360286660444,93,1580409360282156944,,42.33725,-70.4235866667,12.7,382725.374651,4688203.14169,19,T
1580409361310164047,94,1580409361307396888,,42.33725,-70.4235866667,12.7,382725.374651,4688203.14169,19,T
1580409362286309045,95,1580409362283888101,,42.33725,-70.4235866667,12.7,382725.374651,4688203.14169,19,T
1580409363285137480,96,1580409363282840013,,42.33725,-70.4235866667,12.7,382725.374651,4688203.14169,19,T
1580409364285752024,97,1580409364283431053,,42.33725,-70.4235866667,12.8,382725.374651,4688203.14169,19,T
1580409365288719948,98,1580409365284239053,,42.33725,-70.4235866667,12.8,382725.374651,4688203.14169,19,T
1580409366288988852,99,1580409366284003019,,42.33725,-70.4235866667,12.8,382725.374651,4688203.14169,19,T
1580409367279361776,100,1580409367277039051,,42.33725,-70.4235866667,12.8,382725.374651,4688203.14169,19,T
1580409368286117403,101,1580409368281826019,,42.33725,-70.4235866667,12.8,382725.374651,4688203.14169,19,T
1580409369287394649,102,1580409369283039093,,42.33725,-70.4235866667,12.8,382725.374651,4688203.14169,19,T
1580409370286608639,103,1580409370284058094,,42.33725,-70.4235866667,12.8,382725.374651,4688203.14169,19,T
1580409371285139861,104,1580409371282728910,,42.33725,-70.4235866667,12.8,382725.374651,4688203.14169,19,T
1580409372278949724,105,1580409372274688005,,42.33725,-70.4235866667,12.8,382725.374651,4688203.14169,19,T
1580409373286814335,106,1580409373284365892,,42.33725,-70.4235866667,12.9,382725.374651,4688203.14169,19,T
1580409374287415326,107,1580409374283163070,,42.33725,-70.4235866667,12.9,382725.374651,4688203.14169,19,T
1580409375284717967,108,1580409375282416105,,42.33725,-70.4235866667,12.9,382725.374651,4688203.14169,19,T
1580409376284667746,109,1580409376282362937,,42.33725,-70.4235866667,12.9,382725.374651,4688203.14169,19,T
1580409377285394163,110,1580409377283071994,,42.33725,-70.4235866667,12.9,382725.374651,4688203.14169,19,T
1580409378298460963,111,1580409378294028997,,42.33725,-70.4235866667,12.9,382725.374651,4688203.14169,19,T
1580409379287590640,112,1580409379283112049,,42.33725,-70.4235883333,12.9,382725.237349,4688203.14399,19,T
1580409380284670882,113,1580409380280754089,,42.33725,-70.4235883333,12.9,382725.237349,4688203.14399,19,T
1580409381284898756,114,1580409381282567024,,42.33725,-70.4235883333,12.9,382725.237349,4688203.14399,19,T
1580409382288088984,115,1580409382283490896,,42.33725,-70.4235883333,12.9,382725.237349,4688203.14399,19,T
1580409383306923514,116,1580409383304533004,,42.33725,-70.4235883333,12.9,382725.237349,4688203.14399,19,T
1580409384307107283,117,1580409384302767038,,42.33725,-70.4235883333,13.0,382725.237349,4688203.14399,19,T
1580409385285855873,118,1580409385283566951,,42.33725,-70.4235883333,13.0,382725.237349,4688203.14399,19,T
1580409386287662573,119,1580409386283349037,,42.33725,-70.4235883333,13.0,382725.237349,4688203.14399,19,T
1580409387284913610,120,1580409387282478094,,42.33725,-70.4235883333,13.1,382725.237349,4688203.14399,19,T
1580409388308731681,121,1580409388304276943,,42.33725,-70.4235883333,13.1,382725.237349,4688203.14399,19,T
1580409389285607161,122,1580409389283165931,,42.33725,-70.4235883333,13.1,382725.237349,4688203.14399,19,T
1580409390301779069,123,1580409390299484014,,42.33725,-70.4235883333,13.2,382725.237349,4688203.14399,19,T
1580409391309321151,124,1580409391305079936,,42.33725,-70.42359,13.2,382725.100047,4688203.14629,19,T
1580409392308063363,125,1580409392303798913,,42.33725,-70.42359,13.2,382725.100047,4688203.14629,19,T
1580409393309245418,126,1580409393304811000,,42.33725,-70.42359,13.3,382725.100047,4688203.14629,19,T
1580409394285425938,127,1580409394283094882,,42.33725,-70.42359,13.3,382725.100047,4688203.14629,19,T
1580409395307134268,128,1580409395304760932,,42.33725,-70.42359,13.3,382725.100047,4688203.14629,19,T
1580409396301277351,129,1580409396297386884,,42.33725,-70.42359,13.3,382725.100047,4688203.14629,19,T
1580409397311046150,130,1580409397306638002,,42.33725,-70.42359,13.3,382725.100047,4688203.14629,19,T
1580409398324130152,131,1580409398319261074,,42.33725,-70.42359,13.3,382725.100047,4688203.14629,19,T
1580409399308779610,132,1580409399304311037,,42.33725,-70.42359,13.4,382725.100047,4688203.14629,19,T
1580409400284645693,133,1580409400282238960,,42.33725,-70.42359,13.4,382725.100047,4688203.14629,19,T
1580409401308651629,134,1580409401304354906,,42.33725,-70.42359,13.4,382725.100047,4688203.14629,19,T
1580409402308689947,135,1580409402306308984,,42.33725,-70.42359,13.4,382725.100047,4688203.14629,19,T
1580409403308775672,136,1580409403306421041,,42.33725,-70.42359,13.4,382725.100047,4688203.14629,19,T
1580409404303407018,137,1580409404299082994,,42.33725,-70.42359,13.4,382725.100047,4688203.14629,19,T
1580409405287359157,138,1580409405283533096,,42.33725,-70.42359,13.4,382725.100047,4688203.14629,19,T
1580409406289563707,139,1580409406286963939,,42.33725,-70.42359,13.4,382725.100047,4688203.14629,19,T
1580409407285531920,140,1580409407283111095,,42.3372483333,-70.42359,13.4,382725.096949,4688202.96123,19,T
1580409408297345554,141,1580409408286197900,,42.3372483333,-70.42359,13.4,382725.096949,4688202.96123,19,T
1580409409288137734,142,1580409409285691976,,42.3372483333,-70.42359,13.4,382725.096949,4688202.96123,19,T
1580409410286343813,143,1580409410283997058,,42.3372483333,-70.42359,13.4,382725.096949,4688202.96123,19,T
1580409411307838351,144,1580409411305519104,,42.3372483333,-70.42359,13.4,382725.096949,4688202.96123,19,T
1580409412287735179,145,1580409412283385992,,42.3372483333,-70.42359,13.4,382725.096949,4688202.96123,19,T
1580409413315338424,146,1580409413308461904,,42.3372483333,-70.42359,13.4,382725.096949,4688202.96123,19,T
1580409414280468809,147,1580409414276015043,,42.3372483333,-70.42359,13.4,382725.096949,4688202.96123,19,T
1580409415287891767,148,1580409415283580064,,42.3372483333,-70.42359,13.4,382725.096949,4688202.96123,19,T
1580409416285941776,149,1580409416283551931,,42.3372483333,-70.42359,13.4,382725.096949,4688202.96123,19,T
1580409417286173004,150,1580409417283832073,,42.3372483333,-70.42359,13.4,382725.096949,4688202.96123,19,T
1580409418299227493,151,1580409418294919013,,42.3372483333,-70.42359,13.4,382725.096949,4688202.96123,19,T
1580409419285463938,152,1580409419282891035,,42.3372483333,-70.42359,13.4,382725.096949,4688202.96123,19,T
1580409420279301092,153,1580409420274451971,,42.3372483333,-70.42359,13.3,382725.096949,4688202.96123,19,T
1580409421287199952,154,1580409421284769058,,42.3372483333,-70.42359,13.3,382725.096949,4688202.96123,19,T
1580409422288294579,155,1580409422283960103,,42.3372483333,-70.42359,13.3,382725.096949,4688202.96123,19,T
1580409423299195392,156,1580409423296878099,,42.3372483333,-70.42359,13.3,382725.096949,4688202.96123,19,T
1580409424287223396,157,1580409424282789945,,42.3372483333,-70.42359,13.3,382725.096949,4688202.96123,19,T
1580409425286287455,158,1580409425283910989,,42.3372483333,-70.42359,13.3,382725.096949,4688202.96123,19,T
1580409426286527584,159,1580409426284110069,,42.3372483333,-70.42359,13.4,382725.096949,4688202.96123,19,T
1580409427288611239,160,1580409427284178018,,42.3372483333,-70.42359,13.4,382725.096949,4688202.96123,19,T
1580409428299335534,161,1580409428296993970,,42.3372483333,-70.42359,13.4,382725.096949,4688202.96123,19,T
1580409429278448281,162,1580409429275608062,,42.3372483333,-70.42359,13.4,382725.096949,4688202.96123,19,T
1580409430287896730,163,1580409430283569097,,42.3372483333,-70.42359,13.4,382725.096949,4688202.96123,19,T
1580409431287672345,164,1580409431283222913,,42.3372483333,-70.42359,13.4,382725.096949,4688202.96123,19,T
1580409432286452066,165,1580409432282514095,,42.3372483333,-70.42359,13.5,382725.096949,4688202.96123,19,T
1580409433297649396,166,1580409433295203924,,42.3372483333,-70.42359,13.5,382725.096949,4688202.96123,19,T
1580409434308781016,167,1580409434306505918,,42.3372483333,-70.42359,13.5,382725.096949,4688202.96123,19,T
1580409435312253290,168,1580409435309374094,,42.3372483333,-70.42359,13.5,382725.096949,4688202.96123,19,T
1580409436285203806,169,1580409436282855033,,42.3372483333,-70.42359,13.5,382725.096949,4688202.96123,19,T
1580409437284012878,170,1580409437283375978,,42.3372483333,-70.42359,13.5,382725.096949,4688202.96123,19,T
1580409438294666109,171,1580409438291773080,,42.3372483333,-70.42359,13.5,382725.096949,4688202.96123,19,T
1580409439308255643,172,1580409439305725097,,42.3372483333,-70.42359,13.5,382725.096949,4688202.96123,19,T
1580409440307671556,173,1580409440305309057,,42.3372483333,-70.42359,13.5,382725.096949,4688202.96123,19,T
1580409441308709163,174,1580409441306212902,,42.3372483333,-70.42359,13.4,382725.096949,4688202.96123,19,T
1580409442308534292,175,1580409442306170940,,42.3372466667,-70.42359,13.4,382725.093852,4688202.77616,19,T
1580409443307361840,176,1580409443304996967,,42.3372466667,-70.42359,13.4,382725.093852,4688202.77616,19,T
1580409444278213826,177,1580409444273912906,,42.3372466667,-70.42359,13.4,382725.093852,4688202.77616,19,T
1580409445312783417,178,1580409445308518886,,42.3372466667,-70.42359,13.4,382725.093852,4688202.77616,19,T
1580409446310856266,179,1580409446306056022,,42.3372466667,-70.42359,13.4,382725.093852,4688202.77616,19,T
1580409447307386397,180,1580409447304953098,,42.3372466667,-70.42359,13.4,382725.093852,4688202.77616,19,T
1580409448319826438,181,1580409448315958976,,42.3372466667,-70.42359,13.4,382725.093852,4688202.77616,19,T
1580409449308474136,182,1580409449306164979,,42.3372466667,-70.42359,13.4,382725.093852,4688202.77616,19,T
1580409450304420827,183,1580409450299937963,,42.3372466667,-70.42359,13.4,382725.093852,4688202.77616,19,T
1580409451286109704,184,1580409451283756971,,42.3372466667,-70.42359,13.5,382725.093852,4688202.77616,19,T
1580409452302351276,185,1580409452298068046,,42.3372466667,-70.42359,13.5,382725.093852,4688202.77616,19,T
1580409453312772233,186,1580409453310395002,,42.3372466667,-70.42359,13.5,382725.093852,4688202.77616,19,T
1580409454311265306,187,1580409454306353092,,42.3372466667,-70.42359,13.5,382725.093852,4688202.77616,19,T
1580409455309301560,188,1580409455304850101,,42.3372466667,-70.42359,13.5,382725.093852,4688202.77616,19,T
1580409456287005028,189,1580409456282452106,,42.3372466667,-70.42359,13.5,382725.093852,4688202.77616,19,T
1580409457287483088,190,1580409457284926891,,42.3372466667,-70.42359,13.5,382725.093852,4688202.77616,19,T
1580409458298411029,191,1580409458296005964,,42.3372466667,-70.42359,13.5,382725.093852,4688202.77616,19,T
1580409459285971943,192,1580409459282876968,,42.3372466667,-70.42359,13.5,382725.093852,4688202.77616,19,T
1580409460281319561,193,1580409460278937101,,42.3372466667,-70.42359,13.5,382725.093852,4688202.77616,19,T
1580409461285134438,194,1580409461282808065,,42.3372466667,-70.42359,13.5,382725.093852,4688202.77616,19,T
1580409462304119524,195,1580409462303236007,,42.3372466667,-70.42359,13.5,382725.093852,4688202.77616,19,T
1580409463308756870,196,1580409463307718992,,42.3372466667,-70.42359,13.5,382725.093852,4688202.77616,19,T
1580409464301594961,197,1580409464299309968,,42.3372466667,-70.42359,13.5,382725.093852,4688202.77616,19,T
1580409465279498489,198,1580409465278903961,,42.3372466667,-70.42359,13.5,382725.093852,4688202.77616,19,T
1580409466280061913,199,1580409466279457092,,42.337245,-70.42359,13.5,382725.090754,4688202.5911,19,T
1580409467285620859,200,1580409467283318996,,42.337245,-70.42359,13.5,382725.090754,4688202.5911,19,T
1580409468290311525,201,1580409468289423942,,42.337245,-70.42359,13.5,382725.090754,4688202.5911,19,T
1580409469280218472,202,1580409469279366970,,42.337245,-70.42359,13.5,382725.090754,4688202.5911,19,T
1580409470271835522,203,1580409470270957946,,42.337245,-70.42359,13.5,382725.090754,4688202.5911,19,T
1580409471285291999,204,1580409471282948017,,42.337245,-70.42359,13.5,382725.090754,4688202.5911,19,T
1580409472284794869,205,1580409472282469987,,42.337245,-70.42359,13.5,382725.090754,4688202.5911,19,T
1580409473293710817,206,1580409473283229112,,42.337245,-70.42359,13.5,382725.090754,4688202.5911,19,T
1580409474279471058,207,1580409474278933048,,42.337245,-70.42359,13.5,382725.090754,4688202.5911,19,T
1580409475283037234,208,1580409475281176090,,42.337245,-70.42359,13.5,382725.090754,4688202.5911,19,T
1580409476275513021,209,1580409476273138046,,42.337245,-70.42359,13.5,382725.090754,4688202.5911,19,T
1580409477279190472,210,1580409477278619050,,42.337245,-70.42359,13.5,382725.090754,4688202.5911,19,T
1580409478283760839,211,1580409478282248973,,42.337245,-70.42359,13.5,382725.090754,4688202.5911,19,T
1580409479270897607,212,1580409479270318031,,42.337245,-70.42359,13.5,382725.090754,4688202.5911,19,T
1580409480271437583,213,1580409480270842075,,42.337245,-70.42359,13.5,382725.090754,4688202.5911,19,T
1580409481287840674,214,1580409481285484075,,42.337245,-70.42359,13.5,382725.090754,4688202.5911,19,T
1580409482282821702,215,1580409482281699895,,42.337245,-70.42359,13.5,382725.090754,4688202.5911,19,T
1580409483281005526,216,1580409483280210018,,42.337245,-70.42359,13.6,382725.090754,4688202.5911,19,T
1580409484301236902,217,1580409484300623893,,42.337245,-70.42359,13.6,382725.090754,4688202.5911,19,T
1580409485271525936,218,1580409485270693063,,42.337245,-70.42359,13.6,382725.090754,4688202.5911,19,T
1580409486298154065,219,1580409486296978950,,42.337245,-70.42359,13.6,382725.090754,4688202.5911,19,T
1580409487273932491,220,1580409487272821903,,42.337245,-70.42359,13.5,382725.090754,4688202.5911,19,T
1580409488278719197,221,1580409488278147935,,42.337245,-70.42359,13.5,382725.090754,4688202.5911,19,T
1580409489283447873,222,1580409489281950950,,42.337245,-70.4235883333,13.5,382725.228056,4688202.5888,19,T
1580409490303506464,223,1580409490302356958,,42.337245,-70.4235883333,13.5,382725.228056,4688202.5888,19,T
1580409491309671860,224,1580409491305308103,,42.337245,-70.4235883333,13.5,382725.228056,4688202.5888,19,T
1580409492301303693,225,1580409492298079013,,42.337245,-70.4235883333,13.5,382725.228056,4688202.5888,19,T
1580409493303215641,226,1580409493300862073,,42.337245,-70.4235883333,13.5,382725.228056,4688202.5888,19,T
1580409494281373089,227,1580409494280172109,,42.337245,-70.4235883333,13.5,382725.228056,4688202.5888,19,T
1580409495301614210,228,1580409495300715923,,42.337245,-70.4235883333,13.5,382725.228056,4688202.5888,19,T
1580409496308462194,229,1580409496304925918,,42.337245,-70.4235883333,13.5,382725.228056,4688202.5888,19,T
1580409497305019571,230,1580409497302721977,,42.337245,-70.4235883333,13.5,382725.228056,4688202.5888,19,T
1580409498302409266,231,1580409498301721096,,42.337245,-70.4235883333,13.5,382725.228056,4688202.5888,19,T
1580409499302669613,232,1580409499302045106,,42.337245,-70.4235883333,13.5,382725.228056,4688202.5888,19,T
1580409500298323260,233,1580409500297045946,,42.337245,-70.4235883333,13.5,382725.228056,4688202.5888,19,T
1580409501275877516,234,1580409501274209976,,42.337245,-70.4235883333,13.5,382725.228056,4688202.5888,19,T
1580409502302448445,235,1580409502302165985,,42.337245,-70.4235883333,13.5,382725.228056,4688202.5888,19,T
1580409503312426711,236,1580409503310082912,,42.337245,-70.4235883333,13.5,382725.228056,4688202.5888,19,T
1580409504295071511,237,1580409504294493913,,42.337245,-70.4235883333,13.5,382725.228056,4688202.5888,19,T
1580409505297752836,238,1580409505296705961,,42.337245,-70.4235883333,13.5,382725.228056,4688202.5888,19,T
1580409506296774077,239,1580409506296086072,,42.337245,-70.4235883333,13.6,382725.228056,4688202.5888,19,T
1580409507286014195,240,1580409507283601999,,42.337245,-70.4235883333,13.6,382725.228056,4688202.5888,19,T
1580409508285811542,241,1580409508283473014,,42.337245,-70.4235883333,13.6,382725.228056,4688202.5888,19,T
1580409509286613658,242,1580409509284292936,,42.337245,-70.4235883333,13.6,382725.228056,4688202.5888,19,T
1580409510280302559,243,1580409510279715061,,42.337245,-70.4235883333,13.6,382725.228056,4688202.5888,19,T
1580409511278080301,244,1580409511275708913,,42.337245,-70.4235883333,13.6,382725.228056,4688202.5888,19,T
1580409512279258380,245,1580409512278666019,,42.337245,-70.4235883333,13.6,382725.228056,4688202.5888,19,T
1580409513302592804,246,1580409513301999092,,42.337245,-70.4235883333,13.6,382725.228056,4688202.5888,19,T
1580409514288480930,247,1580409514284288883,,42.337245,-70.4235883333,13.6,382725.228056,4688202.5888,19,T
1580409515303576333,248,1580409515302366018,,42.337245,-70.4235883333,13.6,382725.228056,4688202.5888,19,T
1580409516279759824,249,1580409516275578022,,42.337245,-70.4235883333,13.6,382725.228056,4688202.5888,19,T
1580409517279779951,250,1580409517277407884,,42.337245,-70.4235883333,13.6,382725.228056,4688202.5888,19,T
1580409518293034254,251,1580409518288014888,,42.337245,-70.4235883333,13.6,382725.228056,4688202.5888,19,T
1580409519285836502,252,1580409519283206939,,42.337245,-70.4235883333,13.6,382725.228056,4688202.5888,19,T
1580409520277764695,253,1580409520275409936,,42.337245,-70.4235883333,13.6,382725.228056,4688202.5888,19,T
1580409521285625751,254,1580409521283317089,,42.337245,-70.4235883333,13.6,382725.228056,4688202.5888,19,T
1580409522290467735,255,1580409522286195993,,42.337245,-70.4235883333,13.6,382725.228056,4688202.5888,19,T
1580409523302911731,256,1580409523298569917,,42.337245,-70.4235883333,13.6,382725.228056,4688202.5888,19,T
1580409524275958723,257,1580409524273571014,,42.337245,-70.4235883333,13.6,382725.228056,4688202.5888,19,T
1580409525285289716,258,1580409525282772064,,42.337245,-70.4235883333,13.6,382725.228056,4688202.5888,19,T
1580409526286704251,259,1580409526282627105,,42.337245,-70.4235883333,13.6,382725.228056,4688202.5888,19,T
1580409527284307701,260,1580409527282002925,,42.3372433333,-70.4235883333,13.6,382725.224959,4688202.40373,19,T
1580409528281307598,261,1580409528278990983,,42.3372433333,-70.4235883333,13.6,382725.224959,4688202.40373,19,T
1580409529285952814,262,1580409529283607959,,42.3372433333,-70.4235883333,13.6,382725.224959,4688202.40373,19,T
1580409530285912114,263,1580409530282244920,,42.3372433333,-70.4235883333,13.6,382725.224959,4688202.40373,19,T
1580409531285737412,264,1580409531281179904,,42.3372433333,-70.4235883333,13.6,382725.224959,4688202.40373,19,T
1580409532284011705,265,1580409532281661987,,42.3372433333,-70.4235883333,13.6,382725.224959,4688202.40373,19,T
1580409533285090128,266,1580409533282782077,,42.3372433333,-70.4235883333,13.5,382725.224959,4688202.40373,19,T
1580409534285557452,267,1580409534283086061,,42.3372433333,-70.4235866667,13.5,382725.362261,4688202.40144,19,T
1580409535309178769,268,1580409535304646968,,42.3372433333,-70.4235866667,13.5,382725.362261,4688202.40144,19,T
1580409536301210072,269,1580409536296964883,,42.3372433333,-70.4235866667,13.5,382725.362261,4688202.40144,19,T
1580409537286673311,270,1580409537282426118,,42.3372433333,-70.4235866667,13.5,382725.362261,4688202.40144,19,T
1580409538296965969,271,1580409538294636011,,42.3372433333,-70.4235866667,13.5,382725.362261,4688202.40144,19,T
1580409539285686368,272,1580409539281428098,,42.3372433333,-70.4235866667,13.5,382725.362261,4688202.40144,19,T
1580409540300450296,273,1580409540297873973,,42.3372433333,-70.4235866667,13.5,382725.362261,4688202.40144,19,T
1580409541302594534,274,1580409541300085067,,42.3372433333,-70.4235866667,13.5,382725.362261,4688202.40144,19,T
1580409542285847217,275,1580409542283488988,,42.3372433333,-70.4235866667,13.5,382725.362261,4688202.40144,19,T
1580409543300889826,276,1580409543300118923,,42.3372433333,-70.4235866667,13.5,382725.362261,4688202.40144,19,T
1580409544309172293,277,1580409544304860115,,42.3372433333,-70.4235866667,13.5,382725.362261,4688202.40144,19,T
1580409545287560271,278,1580409545283237934,,42.3372433333,-70.4235866667,13.5,382725.362261,4688202.40144,19,T
1580409546309420359,279,1580409546305000066,,42.3372433333,-70.4235866667,13.5,382725.362261,4688202.40144,19,T
1580409547308038384,280,1580409547305713891,,42.3372433333,-70.4235866667,13.5,382725.362261,4688202.40144,19,T
1580409548299876399,281,1580409548297512054,,42.3372416667,-70.4235866667,13.5,382725.359164,4688202.21637,19,T
1580409549309205953,282,1580409549304814100,,42.3372416667,-70.4235866667,13.5,382725.359164,4688202.21637,19,T
1580409550309454876,283,1580409550305124044,,42.3372416667,-70.4235866667,13.5,382725.359164,4688202.21637,19,T
1580409551307097781,284,1580409551304754018,,42.3372416667,-70.4235866667,13.5,382725.359164,4688202.21637,19,T
1580409552278306394,285,1580409552273422956,,42.3372416667,-70.4235866667,13.5,382725.359164,4688202.21637,19,T
1580409553301852806,286,1580409553299455881,,42.3372416667,-70.4235866667,13.5,382725.359164,4688202.21637,19,T
1580409554301440462,287,1580409554299139976,,42.3372416667,-70.4235866667,13.5,382725.359164,4688202.21637,19,T
1580409555306476367,288,1580409555304033041,,42.3372416667,-70.4235866667,13.5,382725.359164,4688202.21637,19,T
1580409556284773914,289,1580409556282454013,,42.3372416667,-70.4235866667,13.5,382725.359164,4688202.21637,19,T
1580409557307503425,290,1580409557305018901,,42.3372416667,-70.4235866667,13.5,382725.359164,4688202.21637,19,T
1580409558320905458,291,1580409558315885066,,42.3372416667,-70.4235866667,13.5,382725.359164,4688202.21637,19,T
1580409559285393055,292,1580409559282898902,,42.3372416667,-70.4235866667,13.5,382725.359164,4688202.21637,19,T
1580409560276008494,293,1580409560273611068,,42.3372416667,-70.4235866667,13.5,382725.359164,4688202.21637,19,T
1580409561286946477,294,1580409561282485961,,42.3372416667,-70.4235866667,13.4,382725.359164,4688202.21637,19,T
1580409562286632989,295,1580409562282324075,,42.3372416667,-70.4235866667,13.4,382725.359164,4688202.21637,19,T
1580409563284321309,296,1580409563281961917,,42.3372416667,-70.4235866667,13.4,382725.359164,4688202.21637,19,T
1580409564300221826,297,1580409564297888994,,42.3372416667,-70.4235866667,13.4,382725.359164,4688202.21637,19,T
1580409565286033073,298,1580409565283688068,,42.3372416667,-70.4235866667,13.5,382725.359164,4688202.21637,19,T
1580409566302784444,299,1580409566298990964,,42.3372416667,-70.4235866667,13.5,382725.359164,4688202.21637,19,T
1580409567286428289,300,1580409567282089948,,42.3372416667,-70.4235866667,13.5,382725.359164,4688202.21637,19,T
1580409568284839454,301,1580409568282371044,,42.3372416667,-70.4235866667,13.5,382725.359164,4688202.21637,19,T
1580409569285113105,302,1580409569282824993,,42.3372416667,-70.4235866667,13.5,382725.359164,4688202.21637,19,T
1580409570278173234,303,1580409570274380922,,42.3372416667,-70.4235866667,13.5,382725.359164,4688202.21637,19,T
1580409571278777880,304,1580409571274521112,,42.3372416667,-70.4235866667,13.5,382725.359164,4688202.21637,19,T
1580409572276317029,305,1580409572273864984,,42.3372416667,-70.4235866667,13.5,382725.359164,4688202.21637,19,T
1580409573285670665,306,1580409573283288002,,42.33724,-70.4235866667,13.5,382725.356066,4688202.03131,19,T
1580409574287699478,307,1580409574283303022,,42.33724,-70.4235866667,13.5,382725.356066,4688202.03131,19,T
1580409575284725690,308,1580409575282424926,,42.33724,-70.4235866667,13.5,382725.356066,4688202.03131,19,T
1580409576286192695,309,1580409576281825065,,42.33724,-70.4235866667,13.5,382725.356066,4688202.03131,19,T
1580409577287047719,310,1580409577284698963,,42.33724,-70.4235866667,13.5,382725.356066,4688202.03131,19,T
1580409578297997677,311,1580409578295665025,,42.33724,-70.4235866667,13.5,382725.356066,4688202.03131,19,T
1580409579285116181,312,1580409579282641887,,42.33724,-70.4235866667,13.5,382725.356066,4688202.03131,19,T
1580409580285296906,313,1580409580280646085,,42.33724,-70.4235866667,13.5,382725.356066,4688202.03131,19,T
1580409581285819128,314,1580409581283394098,,42.33724,-70.4235866667,13.5,382725.356066,4688202.03131,19,T
1580409582277458784,315,1580409582275073051,,42.33724,-70.4235866667,13.5,382725.356066,4688202.03131,19,T
1580409583285821871,316,1580409583283519029,,42.33724,-70.4235866667,13.5,382725.356066,4688202.03131,19,T
1580409584284024053,317,1580409584281745910,,42.33724,-70.4235866667,13.5,382725.356066,4688202.03131,19,T
1580409585287483864,318,1580409585282432079,,42.33724,-70.4235866667,13.6,382725.356066,4688202.03131,19,T
1580409586301823920,319,1580409586298022985,,42.33724,-70.4235866667,13.6,382725.356066,4688202.03131,19,T
1580409587307468184,320,1580409587303167104,,42.33724,-70.4235866667,13.6,382725.356066,4688202.03131,19,T
1580409588318296111,321,1580409588315922975,,42.33724,-70.4235866667,13.6,382725.356066,4688202.03131,19,T
1580409589277764631,322,1580409589275401115,,42.33724,-70.4235866667,13.6,382725.356066,4688202.03131,19,T
1580409590284840281,323,1580409590282572031,,42.33724,-70.4235866667,13.6,382725.356066,4688202.03131,19,T
1580409591307335124,324,1580409591303051948,,42.33724,-70.4235866667,13.6,382725.356066,4688202.03131,19,T
1580409592305788556,325,1580409592303478956,,42.33724,-70.4235866667,13.6,382725.356066,4688202.03131,19,T
1580409593309210581,326,1580409593304771900,,42.33724,-70.4235866667,13.6,382725.356066,4688202.03131,19,T
1580409594308374878,327,1580409594304157972,,42.33724,-70.4235866667,13.6,382725.356066,4688202.03131,19,T
1580409595285219018,328,1580409595282891988,,42.33724,-70.4235866667,13.6,382725.356066,4688202.03131,19,T
1580409596279826836,329,1580409596275518894,,42.33724,-70.4235866667,13.6,382725.356066,4688202.03131,19,T
1580409597307397945,330,1580409597305056095,,42.33724,-70.4235866667,13.6,382725.356066,4688202.03131,19,T
1580409598320341835,331,1580409598315409898,,42.33724,-70.4235866667,13.6,382725.356066,4688202.03131,19,T
1580409599305827167,332,1580409599303488016,,42.33724,-70.4235866667,13.7,382725.356066,4688202.03131,19,T
1580409600307833822,333,1580409600303400039,,42.33724,-70.4235866667,13.7,382725.356066,4688202.03131,19,T
1580409601308417569,334,1580409601305999994,,42.3372383333,-70.4235866667,13.7,382725.352969,4688201.84624,19,T
1580409602304086317,335,1580409602299829959,,42.3372383333,-70.4235866667,13.7,382725.352969,4688201.84624,19,T
1580409603283240924,336,1580409603280883073,,42.3372383333,-70.4235866667,13.7,382725.352969,4688201.84624,19,T
1580409604305716904,337,1580409604303368091,,42.3372383333,-70.4235866667,13.7,382725.352969,4688201.84624,19,T
1580409605306057203,338,1580409605303680896,,42.3372383333,-70.4235866667,13.7,382725.352969,4688201.84624,19,T
1580409606309111282,339,1580409606305581092,,42.3372383333,-70.4235866667,13.7,382725.352969,4688201.84624,19,T
1580409607285855024,340,1580409607281523942,,42.3372383333,-70.4235866667,13.7,382725.352969,4688201.84624,19,T
1580409608300203414,341,1580409608297872066,,42.3372383333,-70.4235866667,13.8,382725.352969,4688201.84624,19,T
1580409609286707204,342,1580409609282116889,,42.3372383333,-70.4235866667,13.8,382725.352969,4688201.84624,19,T
1580409610287417022,343,1580409610282941102,,42.3372383333,-70.4235866667,13.8,382725.352969,4688201.84624,19,T
1580409611278382171,344,1580409611273427963,,42.3372383333,-70.4235866667,13.9,382725.352969,4688201.84624,19,T
1580409612276548079,345,1580409612274203062,,42.3372383333,-70.4235866667,13.9,382725.352969,4688201.84624,19,T
1580409613286892708,346,1580409613284601926,,42.3372383333,-70.4235866667,13.9,382725.352969,4688201.84624,19,T
1580409614277286736,347,1580409614274945020,,42.3372383333,-70.4235883333,14.0,382725.215667,4688201.84854,19,T
1580409615307237667,348,1580409615304924011,,42.3372383333,-70.4235883333,14.0,382725.215667,4688201.84854,19,T
1580409616286047173,349,1580409616281795024,,42.3372383333,-70.4235883333,14.0,382725.215667,4688201.84854,19,T
1580409617309910150,350,1580409617305607080,,42.3372383333,-70.4235883333,14.1,382725.215667,4688201.84854,19,T
1580409618320175359,351,1580409618317903995,,42.3372383333,-70.4235883333,14.1,382725.215667,4688201.84854,19,T
1580409619278152683,352,1580409619275244951,,42.3372383333,-70.4235883333,14.1,382725.215667,4688201.84854,19,T
1580409620275598287,353,1580409620273231029,,42.3372383333,-70.4235883333,14.2,382725.215667,4688201.84854,19,T
1580409621286163301,354,1580409621283761024,,42.3372383333,-70.4235883333,14.2,382725.215667,4688201.84854,19,T
1580409622287186099,355,1580409622282695055,,42.3372383333,-70.4235883333,14.2,382725.215667,4688201.84854,19,T
1580409623297661459,356,1580409623295289993,,42.3372383333,-70.42359,14.3,382725.078364,4688201.85084,19,T
1580409624284565622,357,1580409624282180070,,42.3372383333,-70.42359,14.3,382725.078364,4688201.85084,19,T
1580409625288529364,358,1580409625284133911,,42.3372383333,-70.42359,14.3,382725.078364,4688201.85084,19,T
1580409626285589744,359,1580409626283004999,,42.3372383333,-70.42359,14.4,382725.078364,4688201.85084,19,T
1580409627286065750,360,1580409627281757116,,42.3372383333,-70.42359,14.4,382725.078364,4688201.85084,19,T
1580409628296397392,361,1580409628294076919,,42.3372383333,-70.42359,14.5,382725.078364,4688201.85084,19,T
1580409629279956093,362,1580409629279071092,,42.3372383333,-70.42359,14.5,382725.078364,4688201.85084,19,T
1580409630277569065,363,1580409630275202035,,42.3372383333,-70.42359,14.5,382725.078364,4688201.85084,19,T
1580409631286351070,364,1580409631283988952,,42.3372383333,-70.42359,14.6,382725.078364,4688201.85084,19,T
1580409632283752071,365,1580409632281244039,,42.3372383333,-70.42359,14.6,382725.078364,4688201.85084,19,T
1580409633285909209,366,1580409633281646013,,42.3372383333,-70.4235916667,14.6,382724.941062,4688201.85314,19,T
1580409634285944826,367,1580409634281665086,,42.3372383333,-70.4235916667,14.6,382724.941062,4688201.85314,19,T
1580409635284079392,368,1580409635281517982,,42.3372383333,-70.4235916667,14.6,382724.941062,4688201.85314,19,T
1580409636277465959,369,1580409636276878118,,42.3372383333,-70.4235916667,14.7,382724.941062,4688201.85314,19,T
1580409637308260993,370,1580409637305721044,,42.3372383333,-70.4235916667,14.7,382724.941062,4688201.85314,19,T
1580409638326274503,371,1580409638317244052,,42.3372383333,-70.4235916667,14.7,382724.941062,4688201.85314,19,T
1580409639270349102,372,1580409639269336938,,42.3372383333,-70.4235916667,14.7,382724.941062,4688201.85314,19,T
1580409640277377800,373,1580409640273020982,,42.3372383333,-70.4235916667,14.7,382724.941062,4688201.85314,19,T
1580409641286598740,374,1580409641282330036,,42.3372383333,-70.4235916667,14.7,382724.941062,4688201.85314,19,T
1580409642303024094,375,1580409642301918029,,42.3372383333,-70.4235916667,14.7,382724.941062,4688201.85314,19,T
1580409643320210717,376,1580409643316360950,,42.3372383333,-70.4235916667,14.8,382724.941062,4688201.85314,19,T
1580409644301663032,377,1580409644297148942,,42.3372383333,-70.4235916667,14.8,382724.941062,4688201.85314,19,T
1580409645280276465,378,1580409645279319047,,42.3372366667,-70.4235916667,14.8,382724.937965,4688201.66807,19,T
1580409646308172386,379,1580409646305623054,,42.3372366667,-70.4235916667,14.8,382724.937965,4688201.66807,19,T
1580409647306589653,380,1580409647304291009,,42.3372366667,-70.4235916667,14.8,382724.937965,4688201.66807,19,T
1580409648306504835,381,1580409648304186105,,42.3372366667,-70.4235916667,14.8,382724.937965,4688201.66807,19,T
1580409649309998516,382,1580409649305742979,,42.3372366667,-70.4235916667,14.8,382724.937965,4688201.66807,19,T
1580409650307749864,383,1580409650305349111,,42.3372366667,-70.4235916667,14.8,382724.937965,4688201.66807,19,T
1580409651300752579,384,1580409651298389911,,42.3372366667,-70.4235916667,14.8,382724.937965,4688201.66807,19,T
1580409652306473736,385,1580409652304128885,,42.3372366667,-70.4235916667,14.8,382724.937965,4688201.66807,19,T
1580409653316809119,386,1580409653314492940,,42.3372366667,-70.4235916667,14.9,382724.937965,4688201.66807,19,T
1580409654277169933,387,1580409654274796962,,42.3372366667,-70.4235916667,14.9,382724.937965,4688201.66807,19,T
1580409655304163119,388,1580409655298183917,,42.3372366667,-70.4235916667,14.9,382724.937965,4688201.66807,19,T
1580409656306881418,389,1580409656304867029,,42.3372366667,-70.4235916667,14.9,382724.937965,4688201.66807,19,T
1580409657308509514,390,1580409657304192066,,42.3372366667,-70.4235916667,14.9,382724.937965,4688201.66807,19,T
1580409658318688367,391,1580409658316381931,,42.3372366667,-70.4235916667,14.9,382724.937965,4688201.66807,19,T
1580409659283414048,392,1580409659281059026,,42.3372366667,-70.4235916667,14.9,382724.937965,4688201.66807,19,T
1580409660277267026,393,1580409660272471904,,42.3372366667,-70.4235916667,14.9,382724.937965,4688201.66807,19,T
1580409661300716641,394,1580409661298300027,,42.3372366667,-70.4235916667,14.9,382724.937965,4688201.66807,19,T
1580409662276530383,395,1580409662274081945,,42.3372366667,-70.4235916667,14.9,382724.937965,4688201.66807,19,T
1580409663285535083,396,1580409663281150102,,42.3372366667,-70.4235916667,15.0,382724.937965,4688201.66807,19,T
1580409664281983224,397,1580409664279638051,,42.3372366667,-70.4235916667,15.0,382724.937965,4688201.66807,19,T
1580409665283137729,398,1580409665280798912,,42.337235,-70.4235916667,15.0,382724.934867,4688201.48301,19,T
1580409666305783792,399,1580409666303446054,,42.337235,-70.4235933333,15.0,382724.797565,4688201.48531,19,T
1580409667277305542,400,1580409667274991989,,42.337235,-70.4235933333,15.0,382724.797565,4688201.48531,19,T
1580409668300300644,401,1580409668295954942,,42.337235,-70.4235933333,15.0,382724.797565,4688201.48531,19,T
1580409669283343598,402,1580409669280987024,,42.337235,-70.4235933333,15.0,382724.797565,4688201.48531,19,T
1580409670284317610,403,1580409670279987096,,42.337235,-70.4235933333,15.0,382724.797565,4688201.48531,19,T
1580409671281919545,404,1580409671279596090,,42.337235,-70.4235933333,15.0,382724.797565,4688201.48531,19,T
1580409672279552322,405,1580409672277208089,,42.337235,-70.4235933333,15.0,382724.797565,4688201.48531,19,T
1580409673289744213,406,1580409673287415981,,42.337235,-70.4235933333,15.1,382724.797565,4688201.48531,19,T
1580409674285525645,407,1580409674281096935,,42.337235,-70.4235933333,15.1,382724.797565,4688201.48531,19,T
1580409675281885400,408,1580409675279546976,,42.337235,-70.4235933333,15.1,382724.797565,4688201.48531,19,T
1580409676281495113,409,1580409676279197931,,42.337235,-70.4235933333,15.1,382724.797565,4688201.48531,19,T
1580409677282256638,410,1580409677279804944,,42.3372333333,-70.4235933333,15.1,382724.794468,4688201.30024,19,T
1580409678293082297,411,1580409678290265083,,42.3372333333,-70.4235933333,15.1,382724.794468,4688201.30024,19,T
1580409679283413941,412,1580409679281068086,,42.3372333333,-70.4235933333,15.1,382724.794468,4688201.30024,19,T
1580409680280593690,413,1580409680276285886,,42.3372333333,-70.4235933333,15.1,382724.794468,4688201.30024,19,T
1580409681282522334,414,1580409681280200958,,42.3372333333,-70.4235933333,15.1,382724.794468,4688201.30024,19,T
1580409682284205202,415,1580409682279825925,,42.3372333333,-70.4235933333,15.1,382724.794468,4688201.30024,19,T
1580409683295651495,416,1580409683293302059,,42.3372333333,-70.4235933333,15.2,382724.794468,4688201.30024,19,T
1580409684274925692,417,1580409684270562887,,42.3372333333,-70.4235933333,15.2,382724.794468,4688201.30024,19,T
1580409685284966646,418,1580409685280659914,,42.3372333333,-70.4235933333,15.2,382724.794468,4688201.30024,19,T
1580409686282545014,419,1580409686280220985,,42.3372333333,-70.4235933333,15.2,382724.794468,4688201.30024,19,T
1580409687283227400,420,1580409687278959989,,42.3372333333,-70.4235933333,15.2,382724.794468,4688201.30024,19,T
1580409688303491419,421,1580409688301120042,,42.3372333333,-70.4235933333,15.2,382724.794468,4688201.30024,19,T
1580409689304423849,422,1580409689302035093,,42.3372333333,-70.4235933333,15.2,382724.794468,4688201.30024,19,T
1580409690284501278,423,1580409690280184030,,42.3372333333,-70.4235933333,15.3,382724.794468,4688201.30024,19,T
1580409691283655581,424,1580409691281112909,,42.3372333333,-70.423595,15.3,382724.657165,4688201.30254,19,T
1580409692302866832,425,1580409692300507068,,42.3372333333,-70.423595,15.3,382724.657165,4688201.30254,19,T
1580409693313821128,426,1580409693311451911,,42.3372333333,-70.423595,15.3,382724.657165,4688201.30254,19,T
1580409694309549792,427,1580409694306655883,,42.3372333333,-70.423595,15.3,382724.657165,4688201.30254,19,T
1580409695279169491,428,1580409695276842117,,42.3372333333,-70.423595,15.3,382724.657165,4688201.30254,19,T
1580409696303158205,429,1580409696300817966,,42.3372333333,-70.423595,15.4,382724.657165,4688201.30254,19,T
1580409697305075107,430,1580409697302783012,,42.3372333333,-70.423595,15.4,382724.657165,4688201.30254,19,T
1580409698315895352,431,1580409698313617944,,42.3372333333,-70.423595,15.4,382724.657165,4688201.30254,19,T
1580409699305496803,432,1580409699301261901,,42.3372333333,-70.423595,15.4,382724.657165,4688201.30254,19,T
1580409700278905081,433,1580409700276578903,,42.3372333333,-70.423595,15.4,382724.657165,4688201.30254,19,T
1580409701305963162,434,1580409701301702976,,42.3372333333,-70.423595,15.4,382724.657165,4688201.30254,19,T
1580409702298958037,435,1580409702296596050,,42.3372333333,-70.423595,15.4,382724.657165,4688201.30254,19,T
1580409703305618832,436,1580409703303280115,,42.3372316667,-70.423595,15.4,382724.654068,4688201.11748,19,T
1580409704279536850,437,1580409704277206897,,42.3372316667,-70.423595,15.4,382724.654068,4688201.11748,19,T
1580409705282864486,438,1580409705280517101,,42.3372316667,-70.423595,15.4,382724.654068,4688201.11748,19,T
1580409706305080133,439,1580409706302736997,,42.3372316667,-70.423595,15.4,382724.654068,4688201.11748,19,T
1580409707302160352,440,1580409707300432920,,42.3372316667,-70.423595,15.4,382724.654068,4688201.11748,19,T
1580409708297187191,441,1580409708294814109,,42.3372316667,-70.423595,15.4,382724.654068,4688201.11748,19,T
1580409709300125088,442,1580409709297825098,,42.3372316667,-70.423595,15.4,382724.654068,4688201.11748,19,T
1580409710283227864,443,1580409710280891895,,42.3372316667,-70.423595,15.4,382724.654068,4688201.11748,19,T
1580409711277394667,444,1580409711276901960,,42.3372316667,-70.423595,15.4,382724.654068,4688201.11748,19,T
1580409712279793026,445,1580409712277472019,,42.3372316667,-70.423595,15.4,382724.654068,4688201.11748,19,T
1580409713290108596,446,1580409713287770986,,42.3372316667,-70.423595,15.4,382724.654068,4688201.11748,19,T
1580409714283292089,447,1580409714280977010,,42.3372316667,-70.423595,15.4,382724.654068,4688201.11748,19,T
1580409715283039832,448,1580409715280703067,,42.3372316667,-70.423595,15.4,382724.654068,4688201.11748,19,T
1580409716275580279,449,1580409716271047115,,42.3372316667,-70.423595,15.4,382724.654068,4688201.11748,19,T
1580409717308244181,450,1580409717303947925,,42.3372233333,-70.42359,14.7,382725.050487,4688200.18526,19,T
1580409718319450360,451,1580409718316653013,,42.3372233333,-70.42359,14.7,382725.050487,4688200.18526,19,T
1580409719309126172,452,1580409719304857969,,42.3372233333,-70.42359,14.7,382725.050487,4688200.18526,19,T
1580409720287577414,453,1580409720285109043,,42.3372233333,-70.42359,14.7,382725.050487,4688200.18526,19,T
1580409721286734118,454,1580409721284356117,,42.3372233333,-70.42359,14.7,382725.050487,4688200.18526,19,T
1580409722285402032,455,1580409722283027887,,42.3372233333,-70.42359,14.7,382725.050487,4688200.18526,19,T
1580409723295758906,456,1580409723293443918,,42.3372233333,-70.42359,14.8,382725.050487,4688200.18526,19,T
1580409724285437085,457,1580409724281189918,,42.3372233333,-70.42359,14.8,382725.050487,4688200.18526,19,T
1580409725287003147,458,1580409725282634019,,42.3372233333,-70.42359,14.8,382725.050487,4688200.18526,19,T
1580409726273536708,459,1580409726270481109,,42.3372233333,-70.42359,14.8,382725.050487,4688200.18526,19,T
1580409727282037484,460,1580409727279706001,,42.3372233333,-70.42359,14.8,382725.050487,4688200.18526,19,T
1580409728294300616,461,1580409728290061950,,42.3372233333,-70.42359,14.8,382725.050487,4688200.18526,19,T
1580409729282483854,462,1580409729280205965,,42.3372233333,-70.42359,14.8,382725.050487,4688200.18526,19,T
1580409730282810770,463,1580409730280482053,,42.3372233333,-70.42359,14.8,382725.050487,4688200.18526,19,T
1580409731283153603,464,1580409731278908967,,42.3372216667,-70.42359,14.8,382725.04739,4688200.00019,19,T
1580409732273012599,465,1580409732270694017,,42.3372216667,-70.42359,14.8,382725.04739,4688200.00019,19,T
1580409733284916807,466,1580409733281198978,,42.3372216667,-70.42359,14.8,382725.04739,4688200.00019,19,T
1580409734285165611,467,1580409734281081914,,42.3372216667,-70.42359,14.8,382725.04739,4688200.00019,19,T
1580409735283206384,468,1580409735278943061,,42.3372216667,-70.42359,14.8,382725.04739,4688200.00019,19,T
1580409736285937514,469,1580409736281660079,,42.3372216667,-70.42359,14.8,382725.04739,4688200.00019,19,T
1580409737284709980,470,1580409737282392024,,42.3372216667,-70.42359,14.8,382725.04739,4688200.00019,19,T
1580409738314014208,471,1580409738305460929,,42.3372216667,-70.42359,14.8,382725.04739,4688200.00019,19,T
1580409739307489863,472,1580409739305170059,,42.3372216667,-70.42359,14.8,382725.04739,4688200.00019,19,T
1580409740285105882,473,1580409740280848979,,42.3372216667,-70.42359,14.8,382725.04739,4688200.00019,19,T
1580409741284636635,474,1580409741282208919,,42.3372216667,-70.42359,14.8,382725.04739,4688200.00019,19,T
1580409742285165902,475,1580409742282613992,,42.3372216667,-70.42359,14.8,382725.04739,4688200.00019,19,T
1580409743305864576,476,1580409743303492069,,42.3372216667,-70.42359,14.8,382725.04739,4688200.00019,19,T
1580409744282531961,477,1580409744280235052,,42.3372216667,-70.42359,14.8,382725.04739,4688200.00019,19,T
1580409745309339071,478,1580409745305048942,,42.3372216667,-70.42359,14.8,382725.04739,4688200.00019,19,T
1580409746282658302,479,1580409746282136917,,42.3372216667,-70.42359,14.9,382725.04739,4688200.00019,19,T
1580409747304677215,480,1580409747302354097,,42.3372216667,-70.42359,14.9,382725.04739,4688200.00019,19,T
1580409748317296736,481,1580409748312969923,,42.3372216667,-70.42359,14.9,382725.04739,4688200.00019,19,T
1580409749315066821,482,1580409749306473016,,42.3372216667,-70.42359,14.9,382725.04739,4688200.00019,19,T
1580409750307547580,483,1580409750303186893,,42.3372216667,-70.42359,14.9,382725.04739,4688200.00019,19,T
1580409751301223413,484,1580409751298857927,,42.3372216667,-70.42359,14.9,382725.04739,4688200.00019,19,T
1580409752305847336,485,1580409752303483009,,42.3372216667,-70.42359,14.9,382725.04739,4688200.00019,19,T
1580409753317512958,486,1580409753314660072,,42.3372216667,-70.42359,14.9,382725.04739,4688200.00019,19,T
1580409754287137794,487,1580409754282655954,,42.3372216667,-70.4235916667,14.9,382724.910087,4688200.00249,19,T
1580409755285032525,488,1580409755281173944,,42.3372216667,-70.4235916667,14.9,382724.910087,4688200.00249,19,T
1580409756280119353,489,1580409756275885105,,42.3372216667,-70.4235916667,14.9,382724.910087,4688200.00249,19,T
1580409757308203142,490,1580409757305788993,,42.3372216667,-70.4235916667,14.9,382724.910087,4688200.00249,19,T
1580409758319346556,491,1580409758316473007,,42.3372216667,-70.4235916667,15.0,382724.910087,4688200.00249,19,T
1580409759307260811,492,1580409759303447961,,42.3372216667,-70.4235916667,15.0,382724.910087,4688200.00249,19,T
1580409760308127490,493,1580409760303726911,,42.3372216667,-70.4235916667,15.0,382724.910087,4688200.00249,19,T
1580409761286495560,494,1580409761282279014,,42.3372216667,-70.4235916667,15.0,382724.910087,4688200.00249,19,T
1580409762285784439,495,1580409762281578063,,42.3372216667,-70.4235916667,15.1,382724.910087,4688200.00249,19,T
1580409763296455414,496,1580409763294095039,,42.3372216667,-70.4235916667,15.1,382724.910087,4688200.00249,19,T
1580409764277780741,497,1580409764273571968,,42.3372216667,-70.4235916667,15.1,382724.910087,4688200.00249,19,T
1580409765285968496,498,1580409765281693935,,42.3372216667,-70.4235916667,15.1,382724.910087,4688200.00249,19,T
1580409766283801417,499,1580409766281425952,,42.3372216667,-70.4235916667,15.1,382724.910087,4688200.00249,19,T
1580409767293327888,500,1580409767288885116,,42.3372216667,-70.4235916667,15.1,382724.910087,4688200.00249,19,T
1580409768306914649,501,1580409768304514884,,42.3372216667,-70.4235916667,15.1,382724.910087,4688200.00249,19,T
1580409769286212904,502,1580409769283876895,,42.3372216667,-70.4235916667,15.1,382724.910087,4688200.00249,19,T
1580409770309080600,503,1580409770304688930,,42.3372216667,-70.4235916667,15.2,382724.910087,4688200.00249,19,T
1580409771284801496,504,1580409771282418012,,42.3372216667,-70.4235916667,15.2,382724.910087,4688200.00249,19,T
1580409772284117943,505,1580409772281727075,,42.3372216667,-70.4235916667,15.2,382724.910087,4688200.00249,19,T
1580409773294591144,506,1580409773292220115,,42.3372216667,-70.4235916667,15.2,382724.910087,4688200.00249,19,T
1580409774278510182,507,1580409774274154901,,42.3372216667,-70.4235916667,15.2,382724.910087,4688200.00249,19,T
1580409775279556356,508,1580409775274532079,,42.3372216667,-70.4235916667,15.2,382724.910087,4688200.00249,19,T
1580409776285324575,509,1580409776281060934,,42.3372216667,-70.4235916667,15.2,382724.910087,4688200.00249,19,T
1580409777286796080,510,1580409777282289028,,42.3372216667,-70.4235933333,15.2,382724.772785,4688200.00479,19,T
1580409778297244138,511,1580409778294944047,,42.3372216667,-70.4235933333,15.2,382724.772785,4688200.00479,19,T
1580409779285387917,512,1580409779281006097,,42.3372216667,-70.4235933333,15.3,382724.772785,4688200.00479,19,T
1580409780275331694,513,1580409780272936105,,42.3372216667,-70.4235933333,15.3,382724.772785,4688200.00479,19,T
1580409781279532599,514,1580409781275114059,,42.3372216667,-70.4235933333,15.3,382724.772785,4688200.00479,19,T
1580409782285042826,515,1580409782282725095,,42.3372216667,-70.4235933333,15.3,382724.772785,4688200.00479,19,T
1580409783488865427,516,1580409783488187074,,42.3372216667,-70.4235933333,15.3,382724.772785,4688200.00479,19,T
1580409784283667689,517,1580409784281266927,,42.3372216667,-70.4235933333,15.3,382724.772785,4688200.00479,19,T
1580409785283852222,518,1580409785281444072,,42.3372216667,-70.4235933333,15.3,382724.772785,4688200.00479,19,T
1580409786278820039,519,1580409786277739048,,42.3372216667,-70.4235933333,15.3,382724.772785,4688200.00479,19,T
1580409787281627975,520,1580409787279324054,,42.3372216667,-70.4235933333,15.3,382724.772785,4688200.00479,19,T
1580409788302263154,521,1580409788299046039,,42.3372216667,-70.4235933333,15.4,382724.772785,4688200.00479,19,T
1580409789302725791,522,1580409789300378084,,42.3372216667,-70.4235933333,15.4,382724.772785,4688200.00479,19,T
1580409790281261475,523,1580409790278911113,,42.3372216667,-70.4235933333,15.4,382724.772785,4688200.00479,19,T
1580409791278667857,524,1580409791276319026,,42.3372216667,-70.4235933333,15.4,382724.772785,4688200.00479,19,T
1580409792273480507,525,1580409792269233942,,42.3372216667,-70.4235933333,15.4,382724.772785,4688200.00479,19,T
1580409793283617770,526,1580409793281321048,,42.3372216667,-70.4235933333,15.4,382724.772785,4688200.00479,19,T
1580409794296169903,527,1580409794293838977,,42.3372216667,-70.4235933333,15.4,382724.772785,4688200.00479,19,T
1580409795303905155,528,1580409795299527883,,42.3372216667,-70.4235933333,15.5,382724.772785,4688200.00479,19,T
1580409796279712531,529,1580409796275350093,,42.3372216667,-70.4235933333,15.5,382724.772785,4688200.00479,19,T
1580409797303013577,530,1580409797300611972,,42.3372216667,-70.4235933333,15.5,382724.772785,4688200.00479,19,T
1580409798316899737,531,1580409798312087059,,42.3372216667,-70.4235933333,15.5,382724.772785,4688200.00479,19,T
1580409799304517625,532,1580409799300281047,,42.3372216667,-70.423595,15.5,382724.635483,4688200.00709,19,T
1580409800302149431,533,1580409800299731016,,42.3372216667,-70.423595,15.5,382724.635483,4688200.00709,19,T
1580409801304312000,534,1580409801300076007,,42.3372216667,-70.423595,15.5,382724.635483,4688200.00709,19,T
1580409802304143629,535,1580409802300206899,,42.3372216667,-70.423595,15.6,382724.635483,4688200.00709,19,T
1580409803303988319,536,1580409803299500942,,42.3372216667,-70.423595,15.6,382724.635483,4688200.00709,19,T
1580409804297215188,537,1580409804292922973,,42.3372216667,-70.423595,15.6,382724.635483,4688200.00709,19,T
1580409805274402243,538,1580409805272068977,,42.3372216667,-70.423595,15.6,382724.635483,4688200.00709,19,T
1580409806281181340,539,1580409806278882026,,42.3372216667,-70.423595,15.7,382724.635483,4688200.00709,19,T
1580409807279336184,540,1580409807275644063,,42.3372216667,-70.423595,15.7,382724.635483,4688200.00709,19,T
1580409808304373795,541,1580409808300110101,,42.3372216667,-70.423595,15.7,382724.635483,4688200.00709,19,T
1580409809305990314,542,1580409809303628921,,42.3372216667,-70.423595,15.8,382724.635483,4688200.00709,19,T
1580409810312398893,543,1580409810308121919,,42.3372216667,-70.4235966667,15.8,382724.498181,4688200.00939,19,T
1580409811306264051,544,1580409811303920030,,42.3372216667,-70.4235966667,15.8,382724.498181,4688200.00939,19,T
1580409812277725041,545,1580409812273888111,,42.3372216667,-70.4235966667,15.9,382724.498181,4688200.00939,19,T
1580409813288075099,546,1580409813285772085,,42.3372216667,-70.4235966667,15.9,382724.498181,4688200.00939,19,T
1580409814283441929,547,1580409814281095027,,42.3372216667,-70.4235966667,15.9,382724.498181,4688200.00939,19,T
1580409815285157059,548,1580409815280497074,,42.3372216667,-70.4235966667,15.9,382724.498181,4688200.00939,19,T
1580409816282385055,549,1580409816279934883,,42.3372216667,-70.4235966667,16.0,382724.498181,4688200.00939,19,T
1580409817286139002,550,1580409817283776998,,42.3372216667,-70.4235966667,16.0,382724.498181,4688200.00939,19,T
1580409818296488287,551,1580409818294132947,,42.3372216667,-70.4235966667,16.0,382724.498181,4688200.00939,19,T
1580409819307487824,552,1580409819303210020,,42.3372216667,-70.4235966667,16.0,382724.498181,4688200.00939,19,T
1580409820283870982,553,1580409820281577110,,42.3372216667,-70.4235966667,16.1,382724.498181,4688200.00939,19,T
1580409821308789202,554,1580409821304321050,,42.3372216667,-70.4235966667,16.1,382724.498181,4688200.00939,19,T
1580409822284960755,555,1580409822276284933,,42.3372216667,-70.4235966667,16.1,382724.498181,4688200.00939,19,T
1580409823284840776,556,1580409823282490968,,42.3372216667,-70.4235966667,16.1,382724.498181,4688200.00939,19,T
1580409824283340718,557,1580409824280972957,,42.3372216667,-70.4235966667,16.1,382724.498181,4688200.00939,19,T
1580409825284949154,558,1580409825282629966,,42.3372216667,-70.4235966667,16.2,382724.498181,4688200.00939,19,T
1580409826284496336,559,1580409826282166004,,42.3372216667,-70.4235983333,16.2,382724.360879,4688200.01169,19,T
1580409827286154700,560,1580409827281831979,,42.3372216667,-70.4235983333,16.2,382724.360879,4688200.01169,19,T
1580409828297372405,561,1580409828294950008,,42.3372216667,-70.4235983333,16.2,382724.360879,4688200.01169,19,T
1580409829277530454,562,1580409829275118112,,42.3372216667,-70.4235983333,16.2,382724.360879,4688200.01169,19,T
1580409830282717066,563,1580409830282135009,,42.3372216667,-70.4235983333,16.2,382724.360879,4688200.01169,19,T
1580409831283329525,564,1580409831280977964,,42.3372216667,-70.4235983333,16.2,382724.360879,4688200.01169,19,T
1580409832281439298,565,1580409832280946016,,42.3372216667,-70.4235983333,16.3,382724.360879,4688200.01169,19,T
1580409833285757311,566,1580409833281447887,,42.3372216667,-70.4235983333,16.3,382724.360879,4688200.01169,19,T
1580409834283159327,567,1580409834280817031,,42.3372216667,-70.4235983333,16.3,382724.360879,4688200.01169,19,T
1580409835282324519,568,1580409835281847000,,42.3372216667,-70.4235983333,16.3,382724.360879,4688200.01169,19,T
1580409836274536401,569,1580409836272207975,,42.3372216667,-70.4235983333,16.4,382724.360879,4688200.01169,19,T
1580409837284215515,570,1580409837281653881,,42.3372216667,-70.4235983333,16.4,382724.360879,4688200.01169,19,T
1580409838297451030,571,1580409838294553995,,42.3372216667,-70.4235983333,16.4,382724.360879,4688200.01169,19,T
1580409839305679121,572,1580409839301378965,,42.3372216667,-70.4235983333,16.4,382724.360879,4688200.01169,19,T
1580409840303874707,573,1580409840301562070,,42.3372216667,-70.4235983333,16.4,382724.360879,4688200.01169,19,T
1580409841278507014,574,1580409841273660898,,42.3372233333,-70.4235983333,16.4,382724.363976,4688200.19675,19,T
1580409842276708441,575,1580409842272417068,,42.3372233333,-70.4235983333,16.5,382724.363976,4688200.19675,19,T
1580409843287064728,576,1580409843284718990,,42.3372233333,-70.4235983333,16.5,382724.363976,4688200.19675,19,T
1580409844283885924,577,1580409844279458045,,42.3372233333,-70.4235983333,16.5,382724.363976,4688200.19675,19,T
1580409845302380422,578,1580409845301896095,,42.3372233333,-70.4236,16.5,382724.226674,4688200.19905,19,T
1580409846282977679,579,1580409846280601978,,42.3372233333,-70.4236,16.5,382724.226674,4688200.19905,19,T
1580409847308113841,580,1580409847304229974,,42.3372233333,-70.4236,16.5,382724.226674,4688200.19905,19,T
1580409848318963747,581,1580409848316677093,,42.3372233333,-70.4236,16.6,382724.226674,4688200.19905,19,T
1580409849306852176,582,1580409849302525043,,42.3372233333,-70.4236,16.6,382724.226674,4688200.19905,19,T
1580409850282740979,583,1580409850280417919,,42.3372233333,-70.4236,16.6,382724.226674,4688200.19905,19,T
1580409851304879393,584,1580409851302556991,,42.3372233333,-70.4236,16.6,382724.226674,4688200.19905,19,T
1580409852299719955,585,1580409852297430992,,42.3372233333,-70.4236,16.7,382724.226674,4688200.19905,19,T
1580409853308181745,586,1580409853305891036,,42.3372233333,-70.4236,16.7,382724.226674,4688200.19905,19,T
1580409854300649790,587,1580409854298293113,,42.3372233333,-70.4236,16.7,382724.226674,4688200.19905,19,T
1580409855306231971,588,1580409855303742885,,42.3372233333,-70.4236,16.7,382724.226674,4688200.19905,19,T
1580409856283978322,589,1580409856281640052,,42.3372233333,-70.4236,16.8,382724.226674,4688200.19905,19,T
1580409857286346078,590,1580409857282058954,,42.3372233333,-70.4236,16.8,382724.226674,4688200.19905,19,T
1580409858306806263,591,1580409858304490089,,42.3372233333,-70.4236016667,16.8,382724.089372,4688200.20135,19,T
1580409859303187789,592,1580409859298811912,,42.3372233333,-70.4236016667,16.8,382724.089372,4688200.20135,19,T
1580409860275083892,593,1580409860272774934,,42.3372233333,-70.4236016667,16.9,382724.089372,4688200.20135,19,T
1580409861306950030,594,1580409861304609060,,42.3372233333,-70.4236016667,16.9,382724.089372,4688200.20135,19,T
1580409862307387868,595,1580409862305049896,,42.3372233333,-70.4236016667,16.9,382724.089372,4688200.20135,19,T
1580409863317751127,596,1580409863315392971,,42.3372233333,-70.4236016667,16.9,382724.089372,4688200.20135,19,T
1580409864283335308,597,1580409864281048059,,42.3372233333,-70.4236016667,16.9,382724.089372,4688200.20135,19,T
1580409865284645372,598,1580409865282329082,,42.3372233333,-70.4236016667,17.0,382724.089372,4688200.20135,19,T
1580409866280114976,599,1580409866279150962,,42.3372233333,-70.4236016667,17.0,382724.089372,4688200.20135,19,T
1580409867283771804,600,1580409867281444072,,42.3372233333,-70.4236016667,17.0,382724.089372,4688200.20135,19,T
